name,time,value
memory_working_set,1548885260428278809,2838528
memory_working_set,1548885262058425872,6533120
memory_working_set,1548885264148197738,21852160
memory_working_set,1548885265825861801,21852160
memory_working_set,1548885267752100674,21852160
memory_working_set,1548885269943782322,21852160
memory_working_set,1548885272228815134,21852160
memory_working_set,1548885274401379739,21852160
memory_working_set,1548885276768545801,21852160
memory_working_set,1548885278811980423,21852160
memory_working_set,1548885280768236552,21852160
memory_working_set,1548885282615451688,21852160
memory_working_set,1548885284186901823,21852160
memory_working_set,1548885286218208994,21852160
memory_working_set,1548885287611017795,21852160
memory_working_set,1548885289537997149,21852160
memory_working_set,1548885291179483277,21852160
memory_working_set,1548885292492506112,21852160
memory_working_set,1548885293716129900,21852160
memory_working_set,1548885295498433375,21852160
memory_working_set,1548885297632318064,21852160
memory_working_set,1548885299652469054,21852160
memory_working_set,1548885301451224522,21852160
memory_working_set,1548885303009259572,21852160
memory_working_set,1548885304988536579,21852160
memory_working_set,1548885307299159317,21852160
memory_working_set,1548885308716098709,21852160
memory_working_set,1548885310432009152,21852160
memory_working_set,1548885312811952511,21852160
memory_working_set,1548885314797095308,21852160
memory_working_set,1548885316553827613,21852160
memory_working_set,1548885318744997104,22007808
memory_working_set,1548885320815965414,520192
