name,time,value
memory_working_set,1548885049621209141,4136960
memory_working_set,1548885052156297803,9216000
memory_working_set,1548885054129015404,21848064
memory_working_set,1548885055768573752,21848064
memory_working_set,1548885057809067543,21848064
memory_working_set,1548885059149543574,21848064
memory_working_set,1548885060919181618,21848064
memory_working_set,1548885063083157218,21848064
memory_working_set,1548885064537362900,21848064
memory_working_set,1548885066814431500,21848064
memory_working_set,1548885068704063715,21848064
memory_working_set,1548885070517426541,21848064
memory_working_set,1548885072334306686,21848064
memory_working_set,1548885073961319885,21848064
memory_working_set,1548885075852626254,21848064
memory_working_set,1548885077924854264,21848064
memory_working_set,1548885080342116860,21848064
memory_working_set,1548885082298013482,21848064
memory_working_set,1548885084547956811,21848064
memory_working_set,1548885086563709660,21848064
memory_working_set,1548885088251639664,21848064
memory_working_set,1548885090403500893,21848064
memory_working_set,1548885092152526076,21848064
memory_working_set,1548885094037664638,21848064
memory_working_set,1548885095799118487,21848064
memory_working_set,1548885097520601570,21848064
memory_working_set,1548885099164305746,21848064
memory_working_set,1548885101268326755,21848064
memory_working_set,1548885103404011926,21848064
memory_working_set,1548885105112281189,21848064
memory_working_set,1548885106408881550,21848064
memory_working_set,1548885107656761958,512000
