name,time,value
memory_working_set,1548898837219643167,3600384
memory_working_set,1548898840212162954,7327744
memory_working_set,1548898841898909720,12713984
memory_working_set,1548898844064246404,22880256
memory_working_set,1548898846537895967,22880256
memory_working_set,1548898847828563499,22880256
memory_working_set,1548898850399919682,22880256
memory_working_set,1548898852464326740,22880256
memory_working_set,1548898853841947003,22880256
memory_working_set,1548898855387294968,22880256
memory_working_set,1548898857534454370,22880256
memory_working_set,1548898859561114485,22880256
memory_working_set,1548898861510422715,22880256
memory_working_set,1548898863845647565,22880256
memory_working_set,1548898865914513432,22880256
memory_working_set,1548898868059540087,22880256
memory_working_set,1548898869449813644,22880256
memory_working_set,1548898871259568730,22880256
memory_working_set,1548898872864011261,22880256
memory_working_set,1548898874840473194,22880256
memory_working_set,1548898876550487149,22880256
memory_working_set,1548898879189989981,22880256
memory_working_set,1548898880628496958,22880256
memory_working_set,1548898882796193868,22880256
memory_working_set,1548898884929152435,22880256
memory_working_set,1548898887004812463,22880256
memory_working_set,1548898889312957488,22880256
memory_working_set,1548898891050985551,22880256
memory_working_set,1548898892973136646,22880256
memory_working_set,1548898895303531216,22880256
memory_working_set,1548898897080883322,23035904
memory_working_set,1548898898630925844,1654784
