name,time,value
memory_working_set,1548884287892338090,4706304
memory_working_set,1548884290841730844,8396800
memory_working_set,1548884293207814130,24207360
memory_working_set,1548884295207281826,24150016
memory_working_set,1548884297607444431,24150016
memory_working_set,1548884299518453272,24150016
memory_working_set,1548884301732723728,24150016
memory_working_set,1548884303334026295,24150016
memory_working_set,1548884305174464315,24150016
memory_working_set,1548884307091268480,24150016
memory_working_set,1548884308703529597,24150016
memory_working_set,1548884310700759022,24150016
memory_working_set,1548884312842033982,24150016
memory_working_set,1548884314932532058,24150016
memory_working_set,1548884316888694174,24150016
memory_working_set,1548884318731013873,24150016
memory_working_set,1548884320193919389,24150016
memory_working_set,1548884322694139327,24150016
memory_working_set,1548884324495509130,24150016
memory_working_set,1548884326633745524,24150016
memory_working_set,1548884329217512024,24150016
memory_working_set,1548884330900717302,24150016
memory_working_set,1548884332997193648,24150016
memory_working_set,1548884334592875502,24150016
memory_working_set,1548884336604168511,24150016
memory_working_set,1548884339700757356,24408064
memory_working_set,1548884340863945945,24715264
memory_working_set,1548884344156040065,24715264
memory_working_set,1548884346267228573,24715264
memory_working_set,1548884348416789598,12865536
memory_working_set,1548884350228888833,3481600
