21:44:12,075,ResourceProvider,Z: Get Contract address
21:44:13,747,ResourceProvider,Z: Got Contract address
21:44:14,547,ResourceProvider,A: Registering
21:45:03,523,ResourceProvider,A: ResourceProviderRegistered
21:45:41,021,ResourceProvider,B: Adding Mediator
21:46:02,515,ResourceProvider,B: ResourceProviderAddedTrustedMediator
21:46:39,637,ResourceProvider,D: JobOfferPosted
21:46:39,652,ResourceProvider,E: JobOfferImagePosted
21:46:44,591,ResourceProvider,C: Post offer
21:47:12,685,ResourceProvider,C: ResourceOfferPosted
21:47:14,824,ResourceProvider,I: Matched
21:48:47,324,ResourceProvider,C: Post offer
21:48:51,316,ResourceProvider,D: JobOfferPosted
21:48:51,340,ResourceProvider,E: JobOfferImagePosted
21:48:51,397,ResourceProvider,C: ResourceOfferPosted
21:49:22,234,ResourceProvider,I: Matched
21:50:37,679,ResourceProvider,C: Post offer
21:50:41,795,ResourceProvider,D: JobOfferPosted
21:50:41,816,ResourceProvider,E: JobOfferImagePosted
21:50:46,097,ResourceProvider,C: ResourceOfferPosted
21:50:55,549,ResourceProvider,I: Matched
21:52:38,131,ResourceProvider,D: JobOfferPosted
21:52:38,166,ResourceProvider,E: JobOfferImagePosted
21:52:44,016,ResourceProvider,C: Post offer
21:53:19,383,ResourceProvider,C: ResourceOfferPosted
21:53:26,799,ResourceProvider,I: Matched
21:44:07,831,JobCreator,Z: Get Contract address
21:44:13,845,JobCreator,Z: Got Contract address
21:44:14,572,JobCreator,A: Registering
21:45:03,482,JobCreator,A: JobCreatorRegistered
21:45:25,433,JobCreator,B: Adding Mediator
21:45:29,285,JobCreator,B: JobCreatorAddedTrustedMediator
21:46:28,623,JobCreator,D: Post offer
21:46:39,641,JobCreator,D: JobOfferPosted
21:46:39,660,JobCreator,E: JobOfferImagePosted
21:47:12,649,JobCreator,C: ResourceOfferPosted
21:47:14,798,JobCreator,I: Matched
21:48:00,903,JobCreator,F: result response
21:48:10,479,JobCreator,F: ResultReaction
21:48:10,489,JobCreator,M: MatchClosed
21:48:31,658,JobCreator,D: Post offer
21:48:51,765,JobCreator,D: JobOfferPosted
21:48:51,776,JobCreator,E: JobOfferImagePosted
21:48:51,812,JobCreator,C: ResourceOfferPosted
21:49:22,282,JobCreator,I: Matched
21:49:54,412,JobCreator,F: result response
21:50:00,828,JobCreator,F: ResultReaction
21:50:00,851,JobCreator,M: MatchClosed
21:50:22,117,JobCreator,D: Post offer
21:50:41,935,JobCreator,D: JobOfferPosted
21:50:41,964,JobCreator,E: JobOfferImagePosted
21:50:46,262,JobCreator,C: ResourceOfferPosted
21:50:55,720,JobCreator,I: Matched
21:51:38,439,JobCreator,F: result response
21:52:06,048,JobCreator,F: ResultReaction
21:52:06,071,JobCreator,M: MatchClosed
21:52:27,494,JobCreator,D: Post offer
21:52:37,712,JobCreator,D: JobOfferPosted
21:52:37,730,JobCreator,E: JobOfferImagePosted
21:53:19,826,JobCreator,C: ResourceOfferPosted
21:53:27,231,JobCreator,I: Matched
21:54:56,530,JobCreator,F: result response
21:55:03,957,JobCreator,F: ResultReaction
21:55:03,976,JobCreator,M: MatchClosed
21:44:01,409,Mediator,Z: Get Contract address
21:44:01,765,Solver,Z: Get Contract address
21:44:03,462,ContractManager,Y: Deploying contract...
21:44:13,694,ContractManager,Y: Contract Submitted
21:44:13,761,Mediator,Z: Got Contract address
21:44:13,788,Solver,Z: Got Contract address
21:44:14,001,Mediator,A: Registering
21:45:03,124,Mediator,A: MediatorRegistered
21:45:03,140,Solver,A: JobCreatorRegistered
21:45:03,140,Solver,A: ResourceProviderRegistered
21:45:29,640,Solver,B: JobCreatorAddedTrustedMediator
21:46:02,483,Solver,B: ResourceProviderAddedTrustedMediator
21:46:40,305,Solver,D: JobOfferPosted
21:46:40,306,Solver,E: JobOfferImagePosted
21:47:13,053,Solver,C: ResourceOfferPosted
21:47:13,053,Solver,Matchable
21:47:13,053,Solver,I: post match
21:47:14,102,Solver,I: Matched
21:48:51,305,Solver,D: JobOfferPosted
21:48:51,305,Solver,E: JobOfferImagePosted
21:48:51,306,Solver,C: ResourceOfferPosted
21:48:51,306,Solver,Matchable
21:48:51,306,Solver,I: post match
21:49:22,022,Solver,I: Matched
21:50:41,813,Solver,D: JobOfferPosted
21:50:41,813,Solver,E: JobOfferImagePosted
21:50:45,879,Solver,C: ResourceOfferPosted
21:50:45,879,Solver,Matchable
21:50:45,879,Solver,I: post match
21:50:55,106,Solver,I: Matched
21:52:37,649,Solver,D: JobOfferPosted
21:52:37,650,Solver,E: JobOfferImagePosted
21:53:19,621,Solver,C: ResourceOfferPosted
21:53:19,621,Solver,Matchable
21:53:19,621,Solver,I: post match
21:53:26,815,Solver,I: Matched
