name,time,value
memory_working_set,1548884778218873110,3014656
memory_working_set,1548884780619758688,6606848
memory_working_set,1548884782327338224,10407936
memory_working_set,1548884784300532350,22593536
memory_working_set,1548884786697629838,22593536
memory_working_set,1548884788981710033,22593536
memory_working_set,1548884790773657432,22593536
memory_working_set,1548884793021723382,22593536
memory_working_set,1548884794490142756,22593536
memory_working_set,1548884795847622243,22593536
memory_working_set,1548884797313603488,22593536
memory_working_set,1548884798837275403,22593536
memory_working_set,1548884801028404374,22593536
memory_working_set,1548884803209404487,22593536
memory_working_set,1548884805436321571,22593536
memory_working_set,1548884807215442955,22593536
memory_working_set,1548884809495236023,22593536
memory_working_set,1548884811056364689,22593536
memory_working_set,1548884823305778805,22593536
memory_working_set,1548884825407618404,22593536
memory_working_set,1548884827417960841,22593536
memory_working_set,1548884829929444449,22593536
memory_working_set,1548884832563974414,22593536
memory_working_set,1548884835364883261,22593536
memory_working_set,1548884838219710638,10616832
